{
    "loss": 4.109823226928711,
    "accuracy": 0.3333333432674408
}