{
    "loss": 2.5795626640319824,
    "accuracy": 0.6736111044883728
}