{
    "loss": 0.10550779849290848,
    "accuracy": 0.9791666865348816
}